Title,Price,Date
TSHIRTAMAZING Data Science T Shirt Programmer Analyst Statistic Scientist Black,23.95,2022-11-01
TSHIRTAMAZING Data Science T Shirt Programmer Analyst Statistic Scientist Black,23.1,2022-11-02
TSHIRTAMAZING Data Science T Shirt Programmer Analyst Statistic Scientist Black,22.95,2022-11-03
TSHIRTAMAZING Data Science T Shirt Programmer Analyst Statistic Scientist Black,22.35,2022-11-04
TSHIRTAMAZING Data Science T Shirt Programmer Analyst Statistic Scientist Black,21.23,2022-11-05
TSHIRTAMAZING Data Science T Shirt Programmer Analyst Statistic Scientist Black,23.95,2022-11-06
TSHIRTAMAZING Data Science T Shirt Programmer Analyst Statistic Scientist Black,20.95,2022-11-07
TSHIRTAMAZING Data Science T Shirt Programmer Analyst Statistic Scientist Black,23.95,2022-11-08
TSHIRTAMAZING Data Science T Shirt Programmer Analyst Statistic Scientist Black,19.95,2022-11-09
TSHIRTAMAZING Data Science T Shirt Programmer Analyst Statistic Scientist Black,23.5,2022-11-10
TSHIRTAMAZING Data Science T Shirt Programmer Analyst Statistic Scientist Black,23.95,2022-11-11
TSHIRTAMAZING Data Science T Shirt Programmer Analyst Statistic Scientist Black,26.95,2022-11-12
TSHIRTAMAZING Data Science T Shirt Programmer Analyst Statistic Scientist Black,23.95,2022-11-13
TSHIRTAMAZING Data Science T Shirt Programmer Analyst Statistic Scientist Black,21.95,2022-11-14
TSHIRTAMAZING Data Science T Shirt Programmer Analyst Statistic Scientist Black,23.95,2022-11-15
TSHIRTAMAZING Data Science T Shirt Programmer Analyst Statistic Scientist Black,22.95,2022-11-16
TSHIRTAMAZING Data Science T Shirt Programmer Analyst Statistic Scientist Black,23.95,2022-11-17
TSHIRTAMAZING Data Science T Shirt Programmer Analyst Statistic Scientist Black,20.95,2022-11-18
TSHIRTAMAZING Data Science T Shirt Programmer Analyst Statistic Scientist Black,23.95,2022-11-19
TSHIRTAMAZING Data Science T Shirt Programmer Analyst Statistic Scientist Black,23.1,2022-11-20
TSHIRTAMAZING Data Science T Shirt Programmer Analyst Statistic Scientist Black,22.95,2022-11-21
TSHIRTAMAZING Data Science T Shirt Programmer Analyst Statistic Scientist Black,22.35,2022-11-22
TSHIRTAMAZING Data Science T Shirt Programmer Analyst Statistic Scientist Black,21.23,2022-11-23
TSHIRTAMAZING Data Science T Shirt Programmer Analyst Statistic Scientist Black,24.95,2022-11-24
TSHIRTAMAZING Data Science T Shirt Programmer Analyst Statistic Scientist Black,20.95,2022-11-25
TSHIRTAMAZING Data Science T Shirt Programmer Analyst Statistic Scientist Black,26.95,2022-11-26
TSHIRTAMAZING Data Science T Shirt Programmer Analyst Statistic Scientist Black,19.95,2022-11-27
TSHIRTAMAZING Data Science T Shirt Programmer Analyst Statistic Scientist Black,29.5,2022-11-28
TSHIRTAMAZING Data Science T Shirt Programmer Analyst Statistic Scientist Black,28.95,2022-11-29
TSHIRTAMAZING Data Science T Shirt Programmer Analyst Statistic Scientist Black,20.95,2022-11-30
